Field,ID,Type (Type),default,en-us,ja-jp,zh-cn,zh-tw,de-de,es-us,id-id,tr-tr,ru-ru,uk-ua
Description,2,Text,,"A lightweight (uses a few MB of RAM and almost no CPU) utility that makes the Windows taskbar translucent/transparent on Windows 10 and Windows 11.

Runner up for the Microsoft Store App Awards 2022 - Community Choice Award: Open Platform! Thank you for voting for us!",Windows のタスクバーを半透明/透明化する軽量なユーティリティです。Windows 10 と Windows 11 用。メモリ使用量は数MB、CPUはほとんど使いません。,"只需几 MB 内存，几乎不占用 CPU，便可以在 Windows 10/11 上使 Windows 任务栏半透明/透明的轻量小工具

Microsoft 商店应用奖亚军 - 社区之选奖: 开放平台！感谢所有给我们投票的用户！","只需幾 MB 記憶體，幾乎不需 CPU，便可以在 Windows 10/11 令 Windows 工作列半透明/透明的輕盈小工具

Microsoft 商店應用獎亞軍 - 社群之選獎: 開放平台！感謝所有投票的用家！","Ein ressourcensparendes Tool (nutzt wenige MB an RAM und kaum CPU), das die Windows Taskleiste unter Windows 10 und Windows 11 transparent macht.

Zweiter Platz bei den Microsoft Store App Awards 2022 – Community Choice Award: Offene Plattform! Vielen Dank, dass Sie für uns gestimmt haben!","Una utilidad liviana (usa unos pocos MB de RAM y casi ninguna CPU) que hace que la barra de tareas de Windows sea translúcida/transparente en Windows 10 y Windows 11.

Finalista de los Microsoft Store App Awards 2022 - Community Choice Award: ¡Plataforma abierta! ¡Gracias por votar por nosotros!","Sebuah utilitas ringan (menggunakan sedikit MB hingga tidak terpakai pada RAM) yang membuat taskbar Windows tembus pandang/transparan pada Windows 10 dan Windows 11.

Runner up di Microsoft Store App Awards 2022 - Community Choice Award: Open Platform! Terima kasih telah memilih kami!","Windows 10 ve Windows 11'de Windows görev çubuğunu yarı saydam/şeffaf hale getiren hafif (birkaç MB RAM ve neredeyse hiç CPU kullanmayan) bir yardımcı program.

Microsoft Store Uygulama Ödülleri 2022 - Topluluğun Seçimi Ödülü ikincisi: Açık Platform! Bize oy verdiğiniz için teşekkür ederiz!","Легковесная (использует считанные мегабайты ОЗУ и почти не нагружает процессор) утилита, делающая панель задач Windows прозрачной на Windows 10 и Windows 11.

Второе место в конкурсе Microsoft Store App Awards 2022 — награда «Выбор сообщества: открытая платформа»! Спасибо, что проголосовали за нас!","Легка (використовує кілька мегабайт ОЗУ та майже не навантажує процесор) утиліта, яка робить панель завдань Windows прозорою/передбачуваною на Windows 10 і Windows 11.

Друге місце на Microsoft Store App Awards 2022 - Вибір спільноти: Відкрита платформа! Дякуємо вам за голосування за нас!"
ReleaseNotes,3,Text,,"This is a release targeting support for Windows Moment 2, as well as adding several improvements in the process. Please read the full release notes on GitHub: https://github.com/TranslucentTB/TranslucentTB/releases/tag/2024.1",このリリースは、Windows Moment 2 への対応を目標にし、またいくつか改良を加えています。更新履歴の全文は GitHub でご覧ください: https://github.com/TranslucentTB/TranslucentTB/releases/tag/2024.1,这个版本主要增加对 Windows Moment 2 的支持，同时新增若干项功能及错误修正。详情请参考 GitHub 上的完整更新日志：https://github.com/TranslucentTB/TranslucentTB/releases/tag/2024.1,這個版本針對支援 Windows Moment 2，同時新增數項功能及修正錯誤。詳情請參考 GitHub 的完整更新日誌：https://github.com/TranslucentTB/TranslucentTB/releases/tag/2024.1,"Dies ist eine Version, die auf die Unterstützung von Windows Moment 2 abzielt und mehrere Verbesserungen in den Prozess einfügt. Bitte lesen Sie die vollständigen Versionshinweise auf GitHub: https://github.com/TranslucentTB/TranslucentTB/releases/tag/2024.1","Esta es una versión dirigida a la compatibilidad con Windows Moment 2, además de agregar varias mejoras en el proceso. Lea las notas de la versión completa en GitHub: https://github.com/TranslucentTB/TranslucentTB/releases/tag/2024.1","Ini adalah rilisan yang menargetkan dukungan untuk Windows Moment 2, serta menambahkan beberapa perbaikan dalam prosesnya. Mohon baca catatan rilis penuh di GitHub: https://github.com/TranslucentTB/TranslucentTB/releases/tag/2024.1","Bu, Windows Moment 2 desteğini hedefleyen ve bu süreçte çeşitli iyileştirmeler ekleyen bir sürümdür. Lütfen GitHub'daki sürüm notlarının tamamını okuyun: https://github.com/TranslucentTB/TranslucentTB/releases/tag/2024.1","Это релиз, нацеленный на поддержку Windows Moment 2, так же как и на добавление некоторых улучшений в процессе. Пожалуйста, ознакомтесь с полным списком изменений на GitHub:
https://github.com/TranslucentTB/TranslucentTB/releases/tag/2024.1","Це оновлення призначене для підтримки Windows Moment 2, а також додає кілька поліпшень в процесі. Будь ласка, прочитайте повний опис оновлення на GitHub: https://github.com/TranslucentTB/TranslucentTB/releases/tag/2024.1"
Title,4,Text,,TranslucentTB,TranslucentTB,TranslucentTB,TranslucentTB,TranslucentTB,TranslucentTB,TranslucentTB,TranslucentTB,TranslucentTB,TranslucentTB
ShortTitle,5,Text,,,,,,,,,,,
SortTitle,6,Text,,,,,,,,,,,
VoiceTitle,7,Text,,,,,,,,,,,
ShortDescription,8,Text,,,,,,,,,,,
DevStudio,9,Text,,TranslucentTB Open Source Developers,TranslucentTB オープンソース開発者,TranslucentTB 开源开发者,TranslucentTB 開源開發者,TranslucentTB Open-Source-Entwickler,Desarrolladores de Código Abierto TranslucentTB,Pengembang Sumber Terbuka TranslucentTB,TranslucentTB Açık Kaynak Geliştiricileri,Разработчики открытого исходного кода TranslucentTB,TranslucentTB розробники з відкритого коду
CopyrightTrademarkInformation,12,Text,,Copyright © 2024 TranslucentTB Open Source Developers,著作権 © 2024 TranslucentTB オープンソース開発者,版权所有 © 2024 TranslucentTB 开源开发者,版權所有 © 2024 TranslucentTB 開源開發者,Copyright © 2024 TranslucentTB Open-Source-Entwickler,Copyright © 2024 Desarrolladores de Código Abierto TranslucentTB,Hak Cipta © 2024 Pengembang Sumber Terbuka TranslucentTB,Telif hakkı © 2024 TranslucentTB Açık Kaynak Geliştiricileri,Все права защищены © 2024 Разработчики открытого исходного кода TranslucentTB,Copyright © 2024 Розробники відкритого коду TranslucentTB
AdditionalLicenseTerms,13,Text,,,,,,,,,,,
DesktopScreenshot1,100,Relative path (or URL to file in Partner Center),,https://developer.microsoft.com/en-us/dashboard/apps/9PF4KZ2VN4W9/submissions/1152921505697448772/listings/1152922700001058450/listingassets/2000000000016632758,https://developer.microsoft.com/en-us/dashboard/apps/9PF4KZ2VN4W9/submissions/1152921505697448772/listings/1152922700011856845/listingassets/2000000000016632758,https://developer.microsoft.com/en-us/dashboard/apps/9PF4KZ2VN4W9/submissions/1152921505697448772/listings/1152922700011856847/listingassets/2000000000016632758,https://developer.microsoft.com/en-us/dashboard/apps/9PF4KZ2VN4W9/submissions/1152921505697448772/listings/1152922700011856849/listingassets/2000000000016632758,https://developer.microsoft.com/en-us/dashboard/apps/9PF4KZ2VN4W9/submissions/1152921505697448772/listings/1152922700013853123/listingassets/2000000000016632758,https://developer.microsoft.com/en-us/dashboard/apps/9PF4KZ2VN4W9/submissions/1152921505697448772/listings/1152922700013853125/listingassets/2000000000016632758,https://developer.microsoft.com/en-us/dashboard/apps/9PF4KZ2VN4W9/submissions/1152921505697448772/listings/1152922700013853127/listingassets/2000000000016632758,https://developer.microsoft.com/en-us/dashboard/apps/9PF4KZ2VN4W9/submissions/1152921505697448772/listings/1152922700013853129/listingassets/2000000000016632758,https://developer.microsoft.com/en-us/dashboard/apps/9PF4KZ2VN4W9/submissions/1152921505697448772/listings/1152922700013853151/listingassets/2000000000016632758,https://developer.microsoft.com/en-us/dashboard/apps/9PF4KZ2VN4W9/submissions/1152921505697448772/listings/1152922700016148329/listingassets/2000000000016632758
DesktopScreenshot2,101,Relative path (or URL to file in Partner Center),,https://developer.microsoft.com/en-us/dashboard/apps/9PF4KZ2VN4W9/submissions/1152921505697448772/listings/1152922700001058450/listingassets/2000000000016632968,https://developer.microsoft.com/en-us/dashboard/apps/9PF4KZ2VN4W9/submissions/1152921505697448772/listings/1152922700011856845/listingassets/2000000000016632968,https://developer.microsoft.com/en-us/dashboard/apps/9PF4KZ2VN4W9/submissions/1152921505697448772/listings/1152922700011856847/listingassets/2000000000016632968,https://developer.microsoft.com/en-us/dashboard/apps/9PF4KZ2VN4W9/submissions/1152921505697448772/listings/1152922700011856849/listingassets/2000000000016632968,https://developer.microsoft.com/en-us/dashboard/apps/9PF4KZ2VN4W9/submissions/1152921505697448772/listings/1152922700013853123/listingassets/2000000000016632968,https://developer.microsoft.com/en-us/dashboard/apps/9PF4KZ2VN4W9/submissions/1152921505697448772/listings/1152922700013853125/listingassets/2000000000016632968,https://developer.microsoft.com/en-us/dashboard/apps/9PF4KZ2VN4W9/submissions/1152921505697448772/listings/1152922700013853127/listingassets/2000000000016632968,https://developer.microsoft.com/en-us/dashboard/apps/9PF4KZ2VN4W9/submissions/1152921505697448772/listings/1152922700013853129/listingassets/2000000000016632968,https://developer.microsoft.com/en-us/dashboard/apps/9PF4KZ2VN4W9/submissions/1152921505697448772/listings/1152922700013853151/listingassets/2000000000016632968,https://developer.microsoft.com/en-us/dashboard/apps/9PF4KZ2VN4W9/submissions/1152921505697448772/listings/1152922700016148329/listingassets/2000000000016632968
DesktopScreenshot3,102,Relative path (or URL to file in Partner Center),,https://developer.microsoft.com/en-us/dashboard/apps/9PF4KZ2VN4W9/submissions/1152921505697448772/listings/1152922700001058450/listingassets/2000000000016632980,https://developer.microsoft.com/en-us/dashboard/apps/9PF4KZ2VN4W9/submissions/1152921505697448772/listings/1152922700011856845/listingassets/2000000000016632980,https://developer.microsoft.com/en-us/dashboard/apps/9PF4KZ2VN4W9/submissions/1152921505697448772/listings/1152922700011856847/listingassets/2000000000016632980,https://developer.microsoft.com/en-us/dashboard/apps/9PF4KZ2VN4W9/submissions/1152921505697448772/listings/1152922700011856849/listingassets/2000000000016632980,https://developer.microsoft.com/en-us/dashboard/apps/9PF4KZ2VN4W9/submissions/1152921505697448772/listings/1152922700013853123/listingassets/2000000000016632980,https://developer.microsoft.com/en-us/dashboard/apps/9PF4KZ2VN4W9/submissions/1152921505697448772/listings/1152922700013853125/listingassets/2000000000016632980,https://developer.microsoft.com/en-us/dashboard/apps/9PF4KZ2VN4W9/submissions/1152921505697448772/listings/1152922700013853127/listingassets/2000000000016632980,https://developer.microsoft.com/en-us/dashboard/apps/9PF4KZ2VN4W9/submissions/1152921505697448772/listings/1152922700013853129/listingassets/2000000000016632980,https://developer.microsoft.com/en-us/dashboard/apps/9PF4KZ2VN4W9/submissions/1152921505697448772/listings/1152922700013853151/listingassets/2000000000016632980,https://developer.microsoft.com/en-us/dashboard/apps/9PF4KZ2VN4W9/submissions/1152921505697448772/listings/1152922700016148329/listingassets/2000000000016632980
DesktopScreenshot4,103,Relative path (or URL to file in Partner Center),,https://developer.microsoft.com/en-us/dashboard/apps/9PF4KZ2VN4W9/submissions/1152921505697448772/listings/1152922700001058450/listingassets/3004524350846224500,https://developer.microsoft.com/en-us/dashboard/apps/9PF4KZ2VN4W9/submissions/1152921505697448772/listings/1152922700011856845/listingassets/3004524350846224500,https://developer.microsoft.com/en-us/dashboard/apps/9PF4KZ2VN4W9/submissions/1152921505697448772/listings/1152922700011856847/listingassets/3004524350846224500,https://developer.microsoft.com/en-us/dashboard/apps/9PF4KZ2VN4W9/submissions/1152921505697448772/listings/1152922700011856849/listingassets/3004524350846224500,https://developer.microsoft.com/en-us/dashboard/apps/9PF4KZ2VN4W9/submissions/1152921505697448772/listings/1152922700013853123/listingassets/3004524350846224500,https://developer.microsoft.com/en-us/dashboard/apps/9PF4KZ2VN4W9/submissions/1152921505697448772/listings/1152922700013853125/listingassets/3004524350846224500,https://developer.microsoft.com/en-us/dashboard/apps/9PF4KZ2VN4W9/submissions/1152921505697448772/listings/1152922700013853127/listingassets/3004524350846224500,https://developer.microsoft.com/en-us/dashboard/apps/9PF4KZ2VN4W9/submissions/1152921505697448772/listings/1152922700013853129/listingassets/3004524350846224500,https://developer.microsoft.com/en-us/dashboard/apps/9PF4KZ2VN4W9/submissions/1152921505697448772/listings/1152922700013853151/listingassets/3004524350846224500,https://developer.microsoft.com/en-us/dashboard/apps/9PF4KZ2VN4W9/submissions/1152921505697448772/listings/1152922700016148329/listingassets/3004524350846224500
DesktopScreenshot5,104,Relative path (or URL to file in Partner Center),,https://developer.microsoft.com/en-us/dashboard/apps/9PF4KZ2VN4W9/submissions/1152921505697448772/listings/1152922700001058450/listingassets/3008309785562511456,https://developer.microsoft.com/en-us/dashboard/apps/9PF4KZ2VN4W9/submissions/1152921505697448772/listings/1152922700011856845/listingassets/3008309785562511456,https://developer.microsoft.com/en-us/dashboard/apps/9PF4KZ2VN4W9/submissions/1152921505697448772/listings/1152922700011856847/listingassets/3008309785562511456,https://developer.microsoft.com/en-us/dashboard/apps/9PF4KZ2VN4W9/submissions/1152921505697448772/listings/1152922700011856849/listingassets/3008309785562511456,https://developer.microsoft.com/en-us/dashboard/apps/9PF4KZ2VN4W9/submissions/1152921505697448772/listings/1152922700013853123/listingassets/3008309785562511456,https://developer.microsoft.com/en-us/dashboard/apps/9PF4KZ2VN4W9/submissions/1152921505697448772/listings/1152922700013853125/listingassets/3008309785562511456,https://developer.microsoft.com/en-us/dashboard/apps/9PF4KZ2VN4W9/submissions/1152921505697448772/listings/1152922700013853127/listingassets/3008309785562511456,https://developer.microsoft.com/en-us/dashboard/apps/9PF4KZ2VN4W9/submissions/1152921505697448772/listings/1152922700013853129/listingassets/3008309785562511456,https://developer.microsoft.com/en-us/dashboard/apps/9PF4KZ2VN4W9/submissions/1152921505697448772/listings/1152922700013853151/listingassets/3008309785562511456,https://developer.microsoft.com/en-us/dashboard/apps/9PF4KZ2VN4W9/submissions/1152921505697448772/listings/1152922700016148329/listingassets/3008309785562511456
DesktopScreenshot6,105,Relative path (or URL to file in Partner Center),,,,,,,,,,,
DesktopScreenshot7,106,Relative path (or URL to file in Partner Center),,,,,,,,,,,
DesktopScreenshot8,107,Relative path (or URL to file in Partner Center),,,,,,,,,,,
DesktopScreenshot9,108,Relative path (or URL to file in Partner Center),,,,,,,,,,,
DesktopScreenshot10,109,Relative path (or URL to file in Partner Center),,,,,,,,,,,
DesktopScreenshot11,110,Relative path (or URL to file in Partner Center),,,,,,,,,,,
DesktopScreenshot12,111,Relative path (or URL to file in Partner Center),,,,,,,,,,,
DesktopScreenshot13,112,Relative path (or URL to file in Partner Center),,,,,,,,,,,
DesktopScreenshot14,113,Relative path (or URL to file in Partner Center),,,,,,,,,,,
DesktopScreenshot15,114,Relative path (or URL to file in Partner Center),,,,,,,,,,,
DesktopScreenshot16,115,Relative path (or URL to file in Partner Center),,,,,,,,,,,
DesktopScreenshot17,116,Relative path (or URL to file in Partner Center),,,,,,,,,,,
DesktopScreenshot18,117,Relative path (or URL to file in Partner Center),,,,,,,,,,,
DesktopScreenshot19,118,Relative path (or URL to file in Partner Center),,,,,,,,,,,
DesktopScreenshot20,119,Relative path (or URL to file in Partner Center),,,,,,,,,,,
DesktopScreenshot21,120,Relative path (or URL to file in Partner Center),,,,,,,,,,,
DesktopScreenshot22,121,Relative path (or URL to file in Partner Center),,,,,,,,,,,
DesktopScreenshot23,122,Relative path (or URL to file in Partner Center),,,,,,,,,,,
DesktopScreenshot24,123,Relative path (or URL to file in Partner Center),,,,,,,,,,,
DesktopScreenshot25,124,Relative path (or URL to file in Partner Center),,,,,,,,,,,
DesktopScreenshot26,125,Relative path (or URL to file in Partner Center),,,,,,,,,,,
DesktopScreenshot27,126,Relative path (or URL to file in Partner Center),,,,,,,,,,,
DesktopScreenshot28,127,Relative path (or URL to file in Partner Center),,,,,,,,,,,
DesktopScreenshot29,128,Relative path (or URL to file in Partner Center),,,,,,,,,,,
DesktopScreenshot30,129,Relative path (or URL to file in Partner Center),,,,,,,,,,,
DesktopScreenshotCaption1,150,Text,,Blur mode (Photo by Luca Bravo on Unsplash),透かしモード (画像提供 Luca Bravo on Unsplash),模糊模式 (图片来源: Luca Bravo on Unsplash),模糊模式 (圖片來源: Luca Bravo on Unsplash),Verwischen-Modus (Foto von Luca Bravo auf Unsplash),Modo de desenfoque (Foto de Luca Bravo en Unsplash),Mode Blur (Foto oleh Luca Bravo di Unsplash),Bulanık Mod (Fotoğraf Luca Bravo tarafından Unsplash’ta),Режим Размытие (Фото Luca Bravo с Unsplash),Режим розмиття (Фото від Luca Bravo на Unsplash)
DesktopScreenshotCaption2,151,Text,,Acrylic mode (Photo by Luca Bravo on Unsplash),アクリルモード (画像提供 Luca Bravo on Unsplash),亚克力模式 (图片来源: Luca Bravo on Unsplash),亞克力模式 (圖片來源: Luca Bravo on Unsplash),Acryl-Modus (Foto von Luca Bravo auf Unsplash),Modo acrílico (Foto de Luca Bravo en Unsplash),Mode Akrilik (Foto oleh Luca Bravo di Unsplash),Akrilik Mod (Fotoğraf Luca Bravo tarafından Unsplash’ta),Акриловый режим (Фото Luca Bravo с Unsplash),Режим акрилу (Фото від Luca Bravo на Unsplash)
DesktopScreenshotCaption3,152,Text,,Clear mode (Photo by MontyLov on Unsplash),透明モード (画像提供 MontyLov on Unsplash),透明模式 (图片来源: MontyLov on Unsplash),清楚模式 (圖片來源: MontyLov on Unsplash),Klar-Modus (Foto von Luca Bravo auf Unsplash),Modo claro (Foto de MontyLov en Unsplash),Mode Bening (Foto oleh MontyLov di Unsplash),Temiz Mod (Fotoğraf MontyLov tarafından Unsplash’ta),Прозрачный режим (Фото MontyLov с Unsplash),Прозорий режим (Фото від MontyLov на Unsplash)
DesktopScreenshotCaption4,153,Text,,Acrylic mode on Windows 11 (Photo by Dan Cristian Pădureț on Unsplash),アクリルモード Windows 11 (画像提供 Dan Cristian Pădureț on Unsplash),Windows 11 上的亚克力模式 (图片来源: Dan Cristian Pădureț on Unsplash),Windows 11 上的亞克力模式 (圖片來源: Dan Cristian Pădureț on Unsplash),Acryl-Modus unter Windows 11 (Foto von Dan Cristian Pădureț auf Unsplash),Modo acrílico en Windows 11 (Foto de Dan Cristian Pădureț en Unsplash),Mode Akrilik di Windows 11 (Foto oleh Dan Cristian Pădureț di Unsplash),Windows 11’de Akrilik Mod (Fotoğraf Dan Cristian Pădureț tarafından Unsplash’ta),Акриловый режим на Windows 11 (Фото Dan Cristian Pădureț с Unsplash),Режим акрилу в Windows 11 (Фото від Dan Cristian Pădureț на Unsplash)
DesktopScreenshotCaption5,154,Text,,Clear mode on Windows 11 (Photo by Ruvim Noga on Unsplash),透明モード Windows 11 (画像提供 Ruvim Noga on Unsplash),Windows 11 上的透明模式 (图片来源: Ruvim Noga on Unsplash),Windows 11 上的清楚模式 (圖片來源: Ruvim Noga on Unsplash),Klar-Modus unter Windows 11 (Foto von Ruvim Noga auf Unsplash),Modo claro en Windows 11 (Foto de Ruvim Noga en Unsplash),Mode Bening di Windows 11 (Foto oleh Ruvim Noga di Unsplash),Windows 11’de Temiz Mod (Fotoğraf Ruvim Noga tarafından Unsplash’ta),Прозрачный режим на Windows 11 (Фото Ruvim Noga с Unsplash),Прозорий режим в Windows 11 (Фото від Ruvim Noga на Unsplash)
DesktopScreenshotCaption6,155,Text,,,,,,,,,,,
DesktopScreenshotCaption7,156,Text,,,,,,,,,,,
DesktopScreenshotCaption8,157,Text,,,,,,,,,,,
DesktopScreenshotCaption9,158,Text,,,,,,,,,,,
DesktopScreenshotCaption10,159,Text,,,,,,,,,,,
DesktopScreenshotCaption11,160,Text,,,,,,,,,,,
DesktopScreenshotCaption12,161,Text,,,,,,,,,,,
DesktopScreenshotCaption13,162,Text,,,,,,,,,,,
DesktopScreenshotCaption14,163,Text,,,,,,,,,,,
DesktopScreenshotCaption15,164,Text,,,,,,,,,,,
DesktopScreenshotCaption16,165,Text,,,,,,,,,,,
DesktopScreenshotCaption17,166,Text,,,,,,,,,,,
DesktopScreenshotCaption18,167,Text,,,,,,,,,,,
DesktopScreenshotCaption19,168,Text,,,,,,,,,,,
DesktopScreenshotCaption20,169,Text,,,,,,,,,,,
DesktopScreenshotCaption21,170,Text,,,,,,,,,,,
DesktopScreenshotCaption22,171,Text,,,,,,,,,,,
DesktopScreenshotCaption23,172,Text,,,,,,,,,,,
DesktopScreenshotCaption24,173,Text,,,,,,,,,,,
DesktopScreenshotCaption25,174,Text,,,,,,,,,,,
DesktopScreenshotCaption26,175,Text,,,,,,,,,,,
DesktopScreenshotCaption27,176,Text,,,,,,,,,,,
DesktopScreenshotCaption28,177,Text,,,,,,,,,,,
DesktopScreenshotCaption29,178,Text,,,,,,,,,,,
DesktopScreenshotCaption30,179,Text,,,,,,,,,,,
MobileScreenshot1,200,Relative path (or URL to file in Partner Center),,,,,,,,,,,
MobileScreenshot2,201,Relative path (or URL to file in Partner Center),,,,,,,,,,,
MobileScreenshot3,202,Relative path (or URL to file in Partner Center),,,,,,,,,,,
MobileScreenshot4,203,Relative path (or URL to file in Partner Center),,,,,,,,,,,
MobileScreenshot5,204,Relative path (or URL to file in Partner Center),,,,,,,,,,,
MobileScreenshot6,205,Relative path (or URL to file in Partner Center),,,,,,,,,,,
MobileScreenshot7,206,Relative path (or URL to file in Partner Center),,,,,,,,,,,
MobileScreenshot8,207,Relative path (or URL to file in Partner Center),,,,,,,,,,,
MobileScreenshot9,208,Relative path (or URL to file in Partner Center),,,,,,,,,,,
MobileScreenshot10,209,Relative path (or URL to file in Partner Center),,,,,,,,,,,
MobileScreenshot11,210,Relative path (or URL to file in Partner Center),,,,,,,,,,,
MobileScreenshot12,211,Relative path (or URL to file in Partner Center),,,,,,,,,,,
MobileScreenshot13,212,Relative path (or URL to file in Partner Center),,,,,,,,,,,
MobileScreenshot14,213,Relative path (or URL to file in Partner Center),,,,,,,,,,,
MobileScreenshot15,214,Relative path (or URL to file in Partner Center),,,,,,,,,,,
MobileScreenshot16,215,Relative path (or URL to file in Partner Center),,,,,,,,,,,
MobileScreenshot17,216,Relative path (or URL to file in Partner Center),,,,,,,,,,,
MobileScreenshot18,217,Relative path (or URL to file in Partner Center),,,,,,,,,,,
MobileScreenshot19,218,Relative path (or URL to file in Partner Center),,,,,,,,,,,
MobileScreenshot20,219,Relative path (or URL to file in Partner Center),,,,,,,,,,,
MobileScreenshot21,220,Relative path (or URL to file in Partner Center),,,,,,,,,,,
MobileScreenshot22,221,Relative path (or URL to file in Partner Center),,,,,,,,,,,
MobileScreenshot23,222,Relative path (or URL to file in Partner Center),,,,,,,,,,,
MobileScreenshot24,223,Relative path (or URL to file in Partner Center),,,,,,,,,,,
MobileScreenshot25,224,Relative path (or URL to file in Partner Center),,,,,,,,,,,
MobileScreenshot26,225,Relative path (or URL to file in Partner Center),,,,,,,,,,,
MobileScreenshot27,226,Relative path (or URL to file in Partner Center),,,,,,,,,,,
MobileScreenshot28,227,Relative path (or URL to file in Partner Center),,,,,,,,,,,
MobileScreenshot29,228,Relative path (or URL to file in Partner Center),,,,,,,,,,,
MobileScreenshot30,229,Relative path (or URL to file in Partner Center),,,,,,,,,,,
MobileScreenshotCaption1,250,Text,,,,,,,,,,,
MobileScreenshotCaption2,251,Text,,,,,,,,,,,
MobileScreenshotCaption3,252,Text,,,,,,,,,,,
MobileScreenshotCaption4,253,Text,,,,,,,,,,,
MobileScreenshotCaption5,254,Text,,,,,,,,,,,
MobileScreenshotCaption6,255,Text,,,,,,,,,,,
MobileScreenshotCaption7,256,Text,,,,,,,,,,,
MobileScreenshotCaption8,257,Text,,,,,,,,,,,
MobileScreenshotCaption9,258,Text,,,,,,,,,,,
MobileScreenshotCaption10,259,Text,,,,,,,,,,,
MobileScreenshotCaption11,260,Text,,,,,,,,,,,
MobileScreenshotCaption12,261,Text,,,,,,,,,,,
MobileScreenshotCaption13,262,Text,,,,,,,,,,,
MobileScreenshotCaption14,263,Text,,,,,,,,,,,
MobileScreenshotCaption15,264,Text,,,,,,,,,,,
MobileScreenshotCaption16,265,Text,,,,,,,,,,,
MobileScreenshotCaption17,266,Text,,,,,,,,,,,
MobileScreenshotCaption18,267,Text,,,,,,,,,,,
MobileScreenshotCaption19,268,Text,,,,,,,,,,,
MobileScreenshotCaption20,269,Text,,,,,,,,,,,
MobileScreenshotCaption21,270,Text,,,,,,,,,,,
MobileScreenshotCaption22,271,Text,,,,,,,,,,,
MobileScreenshotCaption23,272,Text,,,,,,,,,,,
MobileScreenshotCaption24,273,Text,,,,,,,,,,,
MobileScreenshotCaption25,274,Text,,,,,,,,,,,
MobileScreenshotCaption26,275,Text,,,,,,,,,,,
MobileScreenshotCaption27,276,Text,,,,,,,,,,,
MobileScreenshotCaption28,277,Text,,,,,,,,,,,
MobileScreenshotCaption29,278,Text,,,,,,,,,,,
MobileScreenshotCaption30,279,Text,,,,,,,,,,,
XboxScreenshot1,300,Relative path (or URL to file in Partner Center),,,,,,,,,,,
XboxScreenshot2,301,Relative path (or URL to file in Partner Center),,,,,,,,,,,
XboxScreenshot3,302,Relative path (or URL to file in Partner Center),,,,,,,,,,,
XboxScreenshot4,303,Relative path (or URL to file in Partner Center),,,,,,,,,,,
XboxScreenshot5,304,Relative path (or URL to file in Partner Center),,,,,,,,,,,
XboxScreenshot6,305,Relative path (or URL to file in Partner Center),,,,,,,,,,,
XboxScreenshot7,306,Relative path (or URL to file in Partner Center),,,,,,,,,,,
XboxScreenshot8,307,Relative path (or URL to file in Partner Center),,,,,,,,,,,
XboxScreenshot9,308,Relative path (or URL to file in Partner Center),,,,,,,,,,,
XboxScreenshot10,309,Relative path (or URL to file in Partner Center),,,,,,,,,,,
XboxScreenshot11,310,Relative path (or URL to file in Partner Center),,,,,,,,,,,
XboxScreenshot12,311,Relative path (or URL to file in Partner Center),,,,,,,,,,,
XboxScreenshot13,312,Relative path (or URL to file in Partner Center),,,,,,,,,,,
XboxScreenshot14,313,Relative path (or URL to file in Partner Center),,,,,,,,,,,
XboxScreenshot15,314,Relative path (or URL to file in Partner Center),,,,,,,,,,,
XboxScreenshot16,315,Relative path (or URL to file in Partner Center),,,,,,,,,,,
XboxScreenshot17,316,Relative path (or URL to file in Partner Center),,,,,,,,,,,
XboxScreenshot18,317,Relative path (or URL to file in Partner Center),,,,,,,,,,,
XboxScreenshot19,318,Relative path (or URL to file in Partner Center),,,,,,,,,,,
XboxScreenshot20,319,Relative path (or URL to file in Partner Center),,,,,,,,,,,
XboxScreenshot21,320,Relative path (or URL to file in Partner Center),,,,,,,,,,,
XboxScreenshot22,321,Relative path (or URL to file in Partner Center),,,,,,,,,,,
XboxScreenshot23,322,Relative path (or URL to file in Partner Center),,,,,,,,,,,
XboxScreenshot24,323,Relative path (or URL to file in Partner Center),,,,,,,,,,,
XboxScreenshot25,324,Relative path (or URL to file in Partner Center),,,,,,,,,,,
XboxScreenshot26,325,Relative path (or URL to file in Partner Center),,,,,,,,,,,
XboxScreenshot27,326,Relative path (or URL to file in Partner Center),,,,,,,,,,,
XboxScreenshot28,327,Relative path (or URL to file in Partner Center),,,,,,,,,,,
XboxScreenshot29,328,Relative path (or URL to file in Partner Center),,,,,,,,,,,
XboxScreenshot30,329,Relative path (or URL to file in Partner Center),,,,,,,,,,,
XboxScreenshotCaption1,350,Text,,,,,,,,,,,
XboxScreenshotCaption2,351,Text,,,,,,,,,,,
XboxScreenshotCaption3,352,Text,,,,,,,,,,,
XboxScreenshotCaption4,353,Text,,,,,,,,,,,
XboxScreenshotCaption5,354,Text,,,,,,,,,,,
XboxScreenshotCaption6,355,Text,,,,,,,,,,,
XboxScreenshotCaption7,356,Text,,,,,,,,,,,
XboxScreenshotCaption8,357,Text,,,,,,,,,,,
XboxScreenshotCaption9,358,Text,,,,,,,,,,,
XboxScreenshotCaption10,359,Text,,,,,,,,,,,
XboxScreenshotCaption11,360,Text,,,,,,,,,,,
XboxScreenshotCaption12,361,Text,,,,,,,,,,,
XboxScreenshotCaption13,362,Text,,,,,,,,,,,
XboxScreenshotCaption14,363,Text,,,,,,,,,,,
XboxScreenshotCaption15,364,Text,,,,,,,,,,,
XboxScreenshotCaption16,365,Text,,,,,,,,,,,
XboxScreenshotCaption17,366,Text,,,,,,,,,,,
XboxScreenshotCaption18,367,Text,,,,,,,,,,,
XboxScreenshotCaption19,368,Text,,,,,,,,,,,
XboxScreenshotCaption20,369,Text,,,,,,,,,,,
XboxScreenshotCaption21,370,Text,,,,,,,,,,,
XboxScreenshotCaption22,371,Text,,,,,,,,,,,
XboxScreenshotCaption23,372,Text,,,,,,,,,,,
XboxScreenshotCaption24,373,Text,,,,,,,,,,,
XboxScreenshotCaption25,374,Text,,,,,,,,,,,
XboxScreenshotCaption26,375,Text,,,,,,,,,,,
XboxScreenshotCaption27,376,Text,,,,,,,,,,,
XboxScreenshotCaption28,377,Text,,,,,,,,,,,
XboxScreenshotCaption29,378,Text,,,,,,,,,,,
XboxScreenshotCaption30,379,Text,,,,,,,,,,,
HolographicScreenshot1,400,Relative path (or URL to file in Partner Center),,,,,,,,,,,
HolographicScreenshot2,401,Relative path (or URL to file in Partner Center),,,,,,,,,,,
HolographicScreenshot3,402,Relative path (or URL to file in Partner Center),,,,,,,,,,,
HolographicScreenshot4,403,Relative path (or URL to file in Partner Center),,,,,,,,,,,
HolographicScreenshot5,404,Relative path (or URL to file in Partner Center),,,,,,,,,,,
HolographicScreenshot6,405,Relative path (or URL to file in Partner Center),,,,,,,,,,,
HolographicScreenshot7,406,Relative path (or URL to file in Partner Center),,,,,,,,,,,
HolographicScreenshot8,407,Relative path (or URL to file in Partner Center),,,,,,,,,,,
HolographicScreenshot9,408,Relative path (or URL to file in Partner Center),,,,,,,,,,,
HolographicScreenshot10,409,Relative path (or URL to file in Partner Center),,,,,,,,,,,
HolographicScreenshot11,410,Relative path (or URL to file in Partner Center),,,,,,,,,,,
HolographicScreenshot12,411,Relative path (or URL to file in Partner Center),,,,,,,,,,,
HolographicScreenshot13,412,Relative path (or URL to file in Partner Center),,,,,,,,,,,
HolographicScreenshot14,413,Relative path (or URL to file in Partner Center),,,,,,,,,,,
HolographicScreenshot15,414,Relative path (or URL to file in Partner Center),,,,,,,,,,,
HolographicScreenshot16,415,Relative path (or URL to file in Partner Center),,,,,,,,,,,
HolographicScreenshot17,416,Relative path (or URL to file in Partner Center),,,,,,,,,,,
HolographicScreenshot18,417,Relative path (or URL to file in Partner Center),,,,,,,,,,,
HolographicScreenshot19,418,Relative path (or URL to file in Partner Center),,,,,,,,,,,
HolographicScreenshot20,419,Relative path (or URL to file in Partner Center),,,,,,,,,,,
HolographicScreenshot21,420,Relative path (or URL to file in Partner Center),,,,,,,,,,,
HolographicScreenshot22,421,Relative path (or URL to file in Partner Center),,,,,,,,,,,
HolographicScreenshot23,422,Relative path (or URL to file in Partner Center),,,,,,,,,,,
HolographicScreenshot24,423,Relative path (or URL to file in Partner Center),,,,,,,,,,,
HolographicScreenshot25,424,Relative path (or URL to file in Partner Center),,,,,,,,,,,
HolographicScreenshot26,425,Relative path (or URL to file in Partner Center),,,,,,,,,,,
HolographicScreenshot27,426,Relative path (or URL to file in Partner Center),,,,,,,,,,,
HolographicScreenshot28,427,Relative path (or URL to file in Partner Center),,,,,,,,,,,
HolographicScreenshot29,428,Relative path (or URL to file in Partner Center),,,,,,,,,,,
HolographicScreenshot30,429,Relative path (or URL to file in Partner Center),,,,,,,,,,,
HolographicScreenshotCaption1,450,Text,,,,,,,,,,,
HolographicScreenshotCaption2,451,Text,,,,,,,,,,,
HolographicScreenshotCaption3,452,Text,,,,,,,,,,,
HolographicScreenshotCaption4,453,Text,,,,,,,,,,,
HolographicScreenshotCaption5,454,Text,,,,,,,,,,,
HolographicScreenshotCaption6,455,Text,,,,,,,,,,,
HolographicScreenshotCaption7,456,Text,,,,,,,,,,,
HolographicScreenshotCaption8,457,Text,,,,,,,,,,,
HolographicScreenshotCaption9,458,Text,,,,,,,,,,,
HolographicScreenshotCaption10,459,Text,,,,,,,,,,,
HolographicScreenshotCaption11,460,Text,,,,,,,,,,,
HolographicScreenshotCaption12,461,Text,,,,,,,,,,,
HolographicScreenshotCaption13,462,Text,,,,,,,,,,,
HolographicScreenshotCaption14,463,Text,,,,,,,,,,,
HolographicScreenshotCaption15,464,Text,,,,,,,,,,,
HolographicScreenshotCaption16,465,Text,,,,,,,,,,,
HolographicScreenshotCaption17,466,Text,,,,,,,,,,,
HolographicScreenshotCaption18,467,Text,,,,,,,,,,,
HolographicScreenshotCaption19,468,Text,,,,,,,,,,,
HolographicScreenshotCaption20,469,Text,,,,,,,,,,,
HolographicScreenshotCaption21,470,Text,,,,,,,,,,,
HolographicScreenshotCaption22,471,Text,,,,,,,,,,,
HolographicScreenshotCaption23,472,Text,,,,,,,,,,,
HolographicScreenshotCaption24,473,Text,,,,,,,,,,,
HolographicScreenshotCaption25,474,Text,,,,,,,,,,,
HolographicScreenshotCaption26,475,Text,,,,,,,,,,,
HolographicScreenshotCaption27,476,Text,,,,,,,,,,,
HolographicScreenshotCaption28,477,Text,,,,,,,,,,,
HolographicScreenshotCaption29,478,Text,,,,,,,,,,,
HolographicScreenshotCaption30,479,Text,,,,,,,,,,,
SurfaceHubScreenshot11,510,Relative path (or URL to file in Partner Center),,,,,,,,,,,
SurfaceHubScreenshot12,511,Relative path (or URL to file in Partner Center),,,,,,,,,,,
SurfaceHubScreenshot13,512,Relative path (or URL to file in Partner Center),,,,,,,,,,,
SurfaceHubScreenshot14,513,Relative path (or URL to file in Partner Center),,,,,,,,,,,
SurfaceHubScreenshot15,514,Relative path (or URL to file in Partner Center),,,,,,,,,,,
SurfaceHubScreenshot16,515,Relative path (or URL to file in Partner Center),,,,,,,,,,,
SurfaceHubScreenshot17,516,Relative path (or URL to file in Partner Center),,,,,,,,,,,
SurfaceHubScreenshot18,517,Relative path (or URL to file in Partner Center),,,,,,,,,,,
SurfaceHubScreenshot19,518,Relative path (or URL to file in Partner Center),,,,,,,,,,,
SurfaceHubScreenshot20,519,Relative path (or URL to file in Partner Center),,,,,,,,,,,
SurfaceHubScreenshot21,520,Relative path (or URL to file in Partner Center),,,,,,,,,,,
SurfaceHubScreenshot22,521,Relative path (or URL to file in Partner Center),,,,,,,,,,,
SurfaceHubScreenshot23,522,Relative path (or URL to file in Partner Center),,,,,,,,,,,
SurfaceHubScreenshot24,523,Relative path (or URL to file in Partner Center),,,,,,,,,,,
SurfaceHubScreenshot25,524,Relative path (or URL to file in Partner Center),,,,,,,,,,,
SurfaceHubScreenshot26,525,Relative path (or URL to file in Partner Center),,,,,,,,,,,
SurfaceHubScreenshot27,526,Relative path (or URL to file in Partner Center),,,,,,,,,,,
SurfaceHubScreenshot28,527,Relative path (or URL to file in Partner Center),,,,,,,,,,,
SurfaceHubScreenshot29,528,Relative path (or URL to file in Partner Center),,,,,,,,,,,
SurfaceHubScreenshot30,529,Relative path (or URL to file in Partner Center),,,,,,,,,,,
SurfaceHubScreenshotCaption11,560,Text,,,,,,,,,,,
SurfaceHubScreenshotCaption12,561,Text,,,,,,,,,,,
SurfaceHubScreenshotCaption13,562,Text,,,,,,,,,,,
SurfaceHubScreenshotCaption14,563,Text,,,,,,,,,,,
SurfaceHubScreenshotCaption15,564,Text,,,,,,,,,,,
SurfaceHubScreenshotCaption16,565,Text,,,,,,,,,,,
SurfaceHubScreenshotCaption17,566,Text,,,,,,,,,,,
SurfaceHubScreenshotCaption18,567,Text,,,,,,,,,,,
SurfaceHubScreenshotCaption19,568,Text,,,,,,,,,,,
SurfaceHubScreenshotCaption20,569,Text,,,,,,,,,,,
SurfaceHubScreenshotCaption21,570,Text,,,,,,,,,,,
SurfaceHubScreenshotCaption22,571,Text,,,,,,,,,,,
SurfaceHubScreenshotCaption23,572,Text,,,,,,,,,,,
SurfaceHubScreenshotCaption24,573,Text,,,,,,,,,,,
SurfaceHubScreenshotCaption25,574,Text,,,,,,,,,,,
SurfaceHubScreenshotCaption26,575,Text,,,,,,,,,,,
SurfaceHubScreenshotCaption27,576,Text,,,,,,,,,,,
SurfaceHubScreenshotCaption28,577,Text,,,,,,,,,,,
SurfaceHubScreenshotCaption29,578,Text,,,,,,,,,,,
SurfaceHubScreenshotCaption30,579,Text,,,,,,,,,,,
StoreLogo720x1080,600,Relative path (or URL to file in Partner Center),,,,,,,,,,,
StoreLogo1080x1080,601,Relative path (or URL to file in Partner Center),,,,,,,,,,,
StoreLogo300x300,602,Relative path (or URL to file in Partner Center),,,,,,,,,,,
OverrideLogosForWin10,603,True/False,,False,False,False,False,False,False,False,False,False,False
StoreLogoOverride150x150,604,Relative path (or URL to file in Partner Center),,,,,,,,,,,
StoreLogoOverride71x71,605,Relative path (or URL to file in Partner Center),,,,,,,,,,,
PromoImage1920x1080,606,Relative path (or URL to file in Partner Center),,,,,,,,,,,
PromoImage2400x1200,607,Relative path (or URL to file in Partner Center),,,,,,,,,,,
XboxBrandedKeyArt584x800,608,Relative path (or URL to file in Partner Center),,,,,,,,,,,
XboxTitledHero1920x1080,609,Relative path (or URL to file in Partner Center),,,,,,,,,,,
XboxFeaturedPromo1080x1080,610,Relative path (or URL to file in Partner Center),,,,,,,,,,,
OptionalPromo358x358,611,Relative path (or URL to file in Partner Center),,,,,,,,,,,
OptionalPromo1000x800,612,Relative path (or URL to file in Partner Center),,,,,,,,,,,
OptionalPromo414x180,613,Relative path (or URL to file in Partner Center),,,,,,,,,,,
Feature1,700,Text,,Advanced color picker supporting alpha and live preview to change the taskbar's color.,先進的なカラーピッカーは、タスクバーの色を変更するために透過と即時プレビューに対応しています。,高级颜色选择器 (color picker)，支持更改透明度以及实时预览以更改任务栏的颜色,進階顏色選擇器 (color picker)，支援透明度以及實時預覽以更改工作列的顏色,"Erweiterter Farbwähler, der Alpha und Live-Vorschau unterstützt, um die Farbe der Taskleiste zu ändern.",Selector de color avanzado compatible con alfa y vista previa en vivo para cambiar el color de la barra de tareas.,"Pemilih warna lanjutan mendukung alfa, pratinjau langsung ke taskbar, dan juga mengubah warna taskbar.",Görev çubuğunun rengini değiştirmek için alfa ve canlı önizlemeyi destekleyen gelişmiş renk seçici.,"Продвинутый выбор цвета, поддерживающий непрозрачность и живой предпросмотр изменений в панели задач.",Розширений вибір кольорів із підтримкою альфа-каналу та попереднього перегляду для зміни кольору панелі завдань.
Feature2,701,Text,,"Up to 5 taskbar states: Normal, Opaque, Clear, Blur and Acrylic.",タスクバーの状態は5種類。標準、不透明、透明、透かし、アクリル。,五种任务栏状态：正常，不透明，透明，模糊，以及亚克力,五種工作列狀態：正常，不透明，清楚，模糊，以及亞克力,"Bis zu 5 Taskleistenzustände: Normal, Undurchsichtig, Klar, Weichzeichnen und Acryl.","Hasta 5 estados de la barra de tareas: Normal, Opaco, Claro, Borroso y Acrílico.","Hingga 5 kondisi taskbar: Biasa, Buram, Bening, Blur dan Akrilik.","5 adede kadar görev çubuğu durumu: Normal, Opak, Şeffaf, Bulanık ve Akrilik.","Вплоть до 5 состояний панели задач: Нормальный, Непрозрачный, Прозрачный, Размытие и Акриловый.","До 5 станів панелі завдань: Звичайний, Непрозорий, Прозорий, Розмитий та Акриловий."
Feature3,702,Text,,"Up to 6 dynamic states: Visible window, Maximized window, Start opened, Search opened, Task View opened and Battery Saver",動的な状態変更は6種類。ウィンドウ表示、ウィンドウ最大化、スタートメニューを開く、検索を開く、タスクビューを開く、バッテリー節約機能を開く,六种动态状态：可见窗口，最大化窗口，打开开始菜单，打开搜索，打开任务视图，以及省电模式,六種動態狀態：可見視窗，放大視窗，開啟開始，開啟搜尋，開啟工作檢視，及省電模式,"Bis zu 6 dynamische Zustände: Sichtbares Fenster, Maximiertes Fenster, Start geöffnet, Suche geöffnet, Taskansicht geöffnet und Energiesparmodus","Hasta 6 estados dinámicos: Ventana visible, Ventana maximizada, Inicio abierto, Búsqueda abierta, Vista de tareas abierta y Ahorro de batería","Hingga 6 kondisi dinamis: Jendela terlihat, Jendela dimaksimalkan, Mulai terbuka, Pencarian terbuka, Tampilan Tugas terbuka, dan Penghemat Daya","6 adede kadar dinamik durum: Görünür pencere, Büyütülmüş pencere, Başlat açıldı, Arama açıldı, Görev Görünümü açıldı ve Pil Tasarrufu","Вплоть до 6 динамических состояний: при видимом, развёрнутом окне, при открытом меню ""Пуск"", Поиске, Представлении задач и режим Энергосбережения","До 6 динамічних станів: Видиме вікно, Розгорнуте вікно, Відкрите меню ""Пуск"", Відкритий пошук, Відкритий перегляд завдань та Режим енергозбереження."
Feature4,703,Text,,"On Windows 10, ability to show or hide the Aero Peek button depending on the currently active dynamic mode.",Windows 10では、その時有効な動的な状態によって Aero Peek ボタンを表示/非表示にする機能を追加。,在 Windows 10 上，可根据动态状态显示或隐藏显示桌面（Aero Peek）按钮,在 Windows 10，可因應現時動態狀態顯示或隱藏 Aero Peek 按鈕,"Unter Windows 10 die Möglichkeit, die Aero Peek-Schaltfläche abhängig vom derzeit aktiven dynamischen Modus ein- oder auszublenden.","En Windows 10, capacidad para mostrar u ocultar el botón Aero Peek según el modo dinámico actualmente activo.","Di Windows 10, kemampuan untuk menampilkan atau menyembunyikan tombol Aero Peek bergantung pada mode dinamis yang saat ini aktif.","Windows 10'da, etkin olan dinamik moda bağlı olarak Aero Peek düğmesini gösterme veya gizleme özelliği.","На Windows 10 - возможность показать или скрыть кнопку ""Скрыть все окна""",На Windows 10 можливість відображення або приховування кнопки Aero Peek в залежності від активного динамічного режиму.
Feature5,704,Text,,"On Windows 11, ability to show or hide the taskbar line depending on the currently active dynamic mode.",Windows 11では、その時有効な動的な状態によって、タスクバー用の線を表示/非表示にする機能を追加。,在 Windows 11 上，可根据动态状态显示或隐藏任务栏细线,在 Windows 11，可因應現時動態狀態顯示或隱藏工作列線,"Unter Windows 11 die Möglichkeit, die Taskleistenzeile abhängig vom derzeit aktiven dynamischen Modus ein- oder auszublenden.","En Windows 11, capacidad para mostrar u ocultar la línea de la barra de tareas según el modo dinámico actualmente activo.","Di Windows 11, kemampuan untuk menampilkan atau menyembunyikan garis taskbar bergantung pada mode dinamis yang saat ini aktif.","Windows 11'de, etkin olan dinamik moda bağlı olarak görev çubuğu satırını gösterme veya gizleme özelliği.",На Windows 11 - возможность показать или скрыть границу панель задач в зависимости от активного динамического состояния,На Windows 11 можливість відображення або приховування лінії панелі завдань в залежності від активного динамічного режиму.
Feature6,705,Text,,Compatible with RoundedTB,RoundedTB 互換,与 RoundedTB 兼容,相容於 RoundedTB,Kompatibel mit RoundedTB,Compatible con RoundedTB,Kompatibel dengan RoundedTB,RoundedTB ile utumlu,Совместим с RoundedTB,Сумісний з RoundedTB.
Feature7,706,Text,,Compatible with ExplorerPatcher,ExplorerPatcher 互換,与 ExplorerPatcher 兼容,相容於 ExplorerPatcher,Kompatibel mit ExplorerPatcher,Compatible con ExplorerPatcher,Kompatibel dengan ExplorerPatcher,ExplorerPatcher ile uyumlu,Совместим с ExplorerPatcher,Сумісний з ExplorerPatcher.
Feature8,707,Text,,,,,,,,,,,
Feature9,708,Text,,,,,,,,,,,
Feature10,709,Text,,,,,,,,,,,
Feature11,710,Text,,,,,,,,,,,
Feature12,711,Text,,,,,,,,,,,
Feature13,712,Text,,,,,,,,,,,
Feature14,713,Text,,,,,,,,,,,
Feature15,714,Text,,,,,,,,,,,
Feature16,715,Text,,,,,,,,,,,
Feature17,716,Text,,,,,,,,,,,
Feature18,717,Text,,,,,,,,,,,
Feature19,718,Text,,,,,,,,,,,
Feature20,719,Text,,,,,,,,,,,
MinimumHardwareReq1,800,Text,,,,,,,,,,,
MinimumHardwareReq2,801,Text,,,,,,,,,,,
MinimumHardwareReq3,802,Text,,,,,,,,,,,
MinimumHardwareReq4,803,Text,,,,,,,,,,,
MinimumHardwareReq5,804,Text,,,,,,,,,,,
MinimumHardwareReq6,805,Text,,,,,,,,,,,
MinimumHardwareReq7,806,Text,,,,,,,,,,,
MinimumHardwareReq8,807,Text,,,,,,,,,,,
MinimumHardwareReq9,808,Text,,,,,,,,,,,
MinimumHardwareReq10,809,Text,,,,,,,,,,,
MinimumHardwareReq11,810,Text,,,,,,,,,,,
RecommendedHardwareReq1,850,Text,,,,,,,,,,,
RecommendedHardwareReq2,851,Text,,,,,,,,,,,
RecommendedHardwareReq3,852,Text,,,,,,,,,,,
RecommendedHardwareReq4,853,Text,,,,,,,,,,,
RecommendedHardwareReq5,854,Text,,,,,,,,,,,
RecommendedHardwareReq6,855,Text,,,,,,,,,,,
RecommendedHardwareReq7,856,Text,,,,,,,,,,,
RecommendedHardwareReq8,857,Text,,,,,,,,,,,
RecommendedHardwareReq9,858,Text,,,,,,,,,,,
RecommendedHardwareReq10,859,Text,,,,,,,,,,,
RecommendedHardwareReq11,860,Text,,,,,,,,,,,
SearchTerm1,900,Text,,taskbar,タスク バー,任务栏,工作列,taskleiste,barra de tareas,taskbar,görev çubuğu,панель задач,панель завдань
SearchTerm2,901,Text,,fluent,fluent,fluent,fluent,fließend,fluido,fluent,fluent,непрозрачный,непрозорий
SearchTerm3,902,Text,,blur,ぼかし,模糊,模糊,verwischen,difuminar,blur,bulanık,размытие,розмиття
SearchTerm4,903,Text,,aero,aero,aero,aero,aero,aero,aero,aero,aero,aero
SearchTerm5,904,Text,,acrylic,アクリル,亚克力,亞克力,acryl,acrílico,akrilik,akrilik,акриловый,акриловий
SearchTerm6,905,Text,,taskbarx,taskbarx,taskbarx,taskbarx,taskbarx,taskbarx,taskbarx,taskbarx,taskbarx,taskbarx
SearchTerm7,906,Text,,start,スタートメニュー,开始,開始,start,inicio,mulai,başlat,пуск,пуск
TrailerToPlayAtTopOfListing,999,Relative path (or URL to file in Partner Center),,,,,,,,,,,
Trailer1,1000,Relative path (or URL to file in Partner Center),,,,,,,,,,,
Trailer2,1001,Relative path (or URL to file in Partner Center),,,,,,,,,,,
Trailer3,1002,Relative path (or URL to file in Partner Center),,,,,,,,,,,
Trailer4,1003,Relative path (or URL to file in Partner Center),,,,,,,,,,,
Trailer5,1004,Relative path (or URL to file in Partner Center),,,,,,,,,,,
Trailer6,1005,Relative path (or URL to file in Partner Center),,,,,,,,,,,
Trailer7,1006,Relative path (or URL to file in Partner Center),,,,,,,,,,,
Trailer8,1007,Relative path (or URL to file in Partner Center),,,,,,,,,,,
Trailer9,1008,Relative path (or URL to file in Partner Center),,,,,,,,,,,
Trailer10,1009,Relative path (or URL to file in Partner Center),,,,,,,,,,,
Trailer11,1010,Relative path (or URL to file in Partner Center),,,,,,,,,,,
Trailer12,1011,Relative path (or URL to file in Partner Center),,,,,,,,,,,
Trailer13,1012,Relative path (or URL to file in Partner Center),,,,,,,,,,,
Trailer14,1013,Relative path (or URL to file in Partner Center),,,,,,,,,,,
Trailer15,1014,Relative path (or URL to file in Partner Center),,,,,,,,,,,
TrailerTitle1,1020,Text,,,,,,,,,,,
TrailerTitle2,1021,Text,,,,,,,,,,,
TrailerTitle3,1022,Text,,,,,,,,,,,
TrailerTitle4,1023,Text,,,,,,,,,,,
TrailerTitle5,1024,Text,,,,,,,,,,,
TrailerTitle6,1025,Text,,,,,,,,,,,
TrailerTitle7,1026,Text,,,,,,,,,,,
TrailerTitle8,1027,Text,,,,,,,,,,,
TrailerTitle9,1028,Text,,,,,,,,,,,
TrailerTitle10,1029,Text,,,,,,,,,,,
TrailerTitle11,1030,Text,,,,,,,,,,,
TrailerTitle12,1031,Text,,,,,,,,,,,
TrailerTitle13,1032,Text,,,,,,,,,,,
TrailerTitle14,1033,Text,,,,,,,,,,,
TrailerTitle15,1034,Text,,,,,,,,,,,
TrailerThumbnail1,1040,Relative path (or URL to file in Partner Center),,,,,,,,,,,
TrailerThumbnail2,1041,Relative path (or URL to file in Partner Center),,,,,,,,,,,
TrailerThumbnail3,1042,Relative path (or URL to file in Partner Center),,,,,,,,,,,
TrailerThumbnail4,1043,Relative path (or URL to file in Partner Center),,,,,,,,,,,
TrailerThumbnail5,1044,Relative path (or URL to file in Partner Center),,,,,,,,,,,
TrailerThumbnail6,1045,Relative path (or URL to file in Partner Center),,,,,,,,,,,
TrailerThumbnail7,1046,Relative path (or URL to file in Partner Center),,,,,,,,,,,
TrailerThumbnail8,1047,Relative path (or URL to file in Partner Center),,,,,,,,,,,
TrailerThumbnail9,1048,Relative path (or URL to file in Partner Center),,,,,,,,,,,
TrailerThumbnail10,1049,Relative path (or URL to file in Partner Center),,,,,,,,,,,
TrailerThumbnail11,1050,Relative path (or URL to file in Partner Center),,,,,,,,,,,
TrailerThumbnail12,1051,Relative path (or URL to file in Partner Center),,,,,,,,,,,
TrailerThumbnail13,1052,Relative path (or URL to file in Partner Center),,,,,,,,,,,
TrailerThumbnail14,1053,Relative path (or URL to file in Partner Center),,,,,,,,,,,
TrailerThumbnail15,1054,Relative path (or URL to file in Partner Center),,,,,,,,,,,